[
    {
        "fecha": "2025-05-27 12:19:02",
        "seed": "ae1637aa",
        "tiempo": "06.595",
        "nombre": "Harry"
    },
    {
        "fecha": "2025-05-27 12:20:45",
        "seed": "478a91b4",
        "tiempo": "05.927",
        "nombre": "Prueba 1"
    },
    {
        "fecha": "2025-05-27 12:20:57",
        "seed": "478a91b4",
        "tiempo": "07.281",
        "nombre": "Prueba 1"
    },
    {
        "fecha": "2025-05-27 12:21:05",
        "seed": "478a91b4",
        "tiempo": "04.861",
        "nombre": "Prueba 1"
    },
    {
        "fecha": "2025-05-27 13:20:22",
        "seed": "c31e8586",
        "tiempo": "06.542",
        "nombre": "Probrando"
    }
]